id,fullname,age,balance
1,Nickola Fretwell,54,1922928
2,Gertrud Wadman,27,950658
3,Valera Mulroy,56,976745
4,Elsy Slayford,46,1479024
5,Myrvyn Gorrie,60,201049
6,Frederique McCarlich,49,1111153
7,Tillie Dye,23,1670201
8,Millard Louis,23,59396
9,Ezri Caghan,53,689886
10,Chiquia Heape,45,698553
11,Yehudit Kingaby,59,1281840
12,Spencer Milmore,52,1457498
13,Sharlene Damerell,37,67189
14,Rochelle Langelaan,46,1360547
15,Udale Dubose,29,1812633
16,Jorie Dayce,54,221119
17,Vanessa Bagnall,20,798725
18,Consuelo Littlemore,26,1406184
19,Anthea Lait,55,496413
20,Laurent Spellward,54,78614
21,Worth Shearme,59,891993
22,Dana enzley,52,1834468
23,Perry Brand,49,489426
24,Blakeley Chishull,33,1712336
25,George McCorkell,30,1843143
26,Abbey Whithorn,60,102986
27,Mab Gaydon,28,448185
28,Aime Grangier,30,300734
29,Goldarina Dalliston,31,1680070
30,Val Antram,49,898986
31,Marlane Enterle,48,1576398
32,Gwenette Coste,21,130742
33,Liliane Southam,49,1281502
34,Candi Nicol,32,591654
35,Lorry Ciementini,26,1153499
36,Klaus Vinck,24,123344
37,Nancey Elliss,30,814343
38,Ronny Haslewood,35,1170811
39,Tommie Glyde,18,1480295
40,Mathilda Ferebee,47,1785153
41,Rolland Robeiro,53,1216898
42,Rustie Coslitt,48,1684959
43,Correy Kitcherside,40,698287
44,Mabelle Tremmil,37,1872255
45,Land Seleway,39,756467
46,Ash Staneland,50,671575
47,Abbott Filippello,35,1613326
48,Tiff Gallaway,56,435928
49,Xena Gepheart,34,589602
50,Colette Vanyutin,30,143112
51,Pauli Laurenty,34,1313804
52,Riki Strutz,47,1717095
53,Riordan Findlater,32,1543422
54,Cchaddie Elton,60,1105934
55,Moyra Wynn,31,1917634
56,Samara Barwack,57,1943683
57,Rayner Corser,32,1575047
58,Evangeline Milkins,33,579608
59,Aguie Liff,25,40042
60,Jourdan Seabrooke,20,1952928
61,Kamila Marvel,20,626653
62,Piper Sawers,43,1068500
63,Tobit Antyshev,36,1684767
64,Ardra Scanterbury,25,1972850
65,Moore Simonnet,31,826425
66,Rickard Rountree,34,1733291
67,Horace Cooksley,51,163660
68,Taite Forrestill,38,1507341
69,Nanette Kanwell,25,709492
70,Mirabelle Jeandet,59,976601
71,Ingamar McKeggie,53,1761347
72,Zora Walas,31,1787181
73,Billie Bellamy,43,788106
74,Bibby Blything,21,371435
75,Marty McDougald,56,997034
76,Quentin Van der Daal,27,502689
77,Modesta Queree,24,1002704
78,Karon Yalden,38,118668
79,Marigold Shoobridge,27,363695
80,Fredelia Skellen,31,1381832
81,Elset Duffin,36,1404573
82,Yolanthe Khomich,54,799832
83,Eb L'Archer,49,825528
84,Karalee Brithman,19,1528037
85,Cleo Pipworth,23,627735
86,Nikolai Mozzi,28,1337007
87,Clyve Climer,41,480383
88,Philippine Garrish,33,667267
89,Jody Desorts,55,751330
90,Mirella Faloon,34,1118616
91,Kaja Bake,31,122719
92,Debee Cordy,20,822917
93,Shawna Noir,49,5860
94,Lenette Moncreif,18,1472965
95,Rita Hing,48,1158462
96,Betty Crankshaw,59,1530367
97,Stirling Yeowell,43,1367446
98,Chelsy McGarva,27,114230
99,Dulcia Barkess,41,1468491
100,Cassaundra Sygrove,39,1614392
101,Leonardo Keele,38,1143437
102,Chlo Ickovitz,36,1759749
103,Thurston Jeffcock,56,393323
104,Wolfy O'Cuddie,50,1591337
105,Enrica Shade,30,1705786
106,August Rafferty,22,1913153
107,Silvester Tuffin,19,1422127
108,Oby Heinz,58,687295
109,Jillian Panas,51,603435
110,Grace Alderwick,37,1632119
111,Sloane Peschmann,49,1457401
112,Meridel Greveson,55,886407
113,Sam Melhuish,31,1828245
114,Dawn Gopsall,23,1925919
115,Kippie Jezzard,26,1125792
116,Mallory Golland,47,1731388
117,Gianina McCarlie,35,654757
118,Matty Toderbrugge,55,1821260
119,Delinda Pepperrall,37,128796
120,Cristobal Follis,49,186333
121,Oralee Winfrey,50,214663
122,Barbabas Cardoso,51,355745
123,Roanna Westby,27,1985332
124,Howie Betun,21,79977
125,Corrianne Baddoe,23,478703
126,Galven Maciaszek,56,1538173
127,Elayne Warburton,53,1633954
128,Jodi Eggle,20,1835681
129,Tan Gillibrand,43,353273
130,Ebenezer Proud,49,1192133
131,Frances Grishin,43,262275
132,Nikoletta Balle,52,1861712
133,Vasilis Jaxon,48,287784
134,Anna Grinyer,47,1186566
135,Town Hollingsbee,35,394000
136,Mano Robeiro,60,559292
137,Emlynn Oret,58,1700580
138,Adrianne Stennet,55,180529
139,Elladine Weatherhill,28,653029
140,Ruben Bellard,54,1255270
141,Cobb Abela,26,826013
142,Goraud Ellesworth,60,1321234
143,Alfredo Wynn,45,526110
144,Nickolaus Darridon,27,1462563
145,Fawne Melbury,59,894202
146,Fred Bridgnell,57,1958983
147,Morgan Doolan,33,1922836
148,Aldrich Penni,35,1602054
149,Suzanna Deveraux,37,751166
150,Zarla Fibben,48,188500
151,Jedediah Alenin,55,742281
152,Dehlia Mercy,18,1010829
153,Veda Tofts,28,1290986
154,Rora Kimbly,35,1025914
155,Dilly Aire,53,995224
156,Vance Barringer,58,130823
157,Timotheus Hammerberg,35,371891
158,Burnaby Schruur,47,789335
159,Pier Fowler,25,886857
160,Nicko Vedeniktov,45,544462
161,Wilhelmine Schooley,39,1487935
162,Camella Gresch,20,798979
163,Mariya Ash,54,815433
164,Reider Matelyunas,54,63492
165,Glory Milington,32,1530974
166,Etta Clulow,26,992270
167,Brandie Whitloe,41,507186
168,Doris Reeve,53,1620592
169,Pavla Cinavas,46,1235290
170,Aylmer Ditzel,25,1863123
171,Goldia Poser,53,1110088
172,Lek Edelston,44,886400
173,Winonah Hadland,51,764583
174,Antonia Norcop,26,1481122
175,Gwynne Rentz,23,1970943
176,Michaelina Cuniffe,37,1669012
177,Raynard Tourot,45,595890
178,Sauveur Theriot,54,1852936
179,Rozina De Filippi,25,1041690
180,Clara Matiebe,39,352659
181,Ivett Dresser,48,916872
182,Courtney Shakespeare,22,1424691
183,Annabal Kynston,49,334553
184,Celka Stummeyer,57,329131
185,Weider Batecok,46,604310
186,Datha Shields,34,1582021
187,Brittni Seer,27,1484356
188,Billy Thor,23,679991
189,Bret Domerc,38,921814
190,Anabal Kiffe,36,396972
191,Wye Matuszewski,50,1127715
192,Barbette Philippault,20,1456442
193,Ashton De Biasio,41,1030362
194,Darwin Patrone,43,385999
195,Frankie Davidman,44,1364220
196,Leonore Aishford,53,1282444
197,Duane Lukas,39,1353229
198,Miguela Valois,60,1273873
199,Alyda Mara,32,1181699
200,Grenville Devonish,58,1701865
201,Emlen Langstone,26,1314708
202,Penn Whitney,58,126655
203,Sawyer Corryer,58,556855
204,Roy Wyeld,41,985525
205,Nickey Handes,35,106111
206,Eilis Woolfoot,60,1276333
207,Archer MacGahey,40,616821
208,Lanette Gwinnel,52,120245
209,Francklyn Lyenyng,29,1457565
210,Darwin Benda,38,121214
211,Noelle Shann,30,1323876
212,Aaron Skippings,47,817000
213,Lynelle MacTavish,46,1134119
214,Birk Garment,28,1543029
215,Hortense Broadbere,19,862154
216,Ladonna Sall,19,1020175
217,Woody Jobbing,30,1313431
218,Belvia Ritchman,20,858760
219,Kris Jago,30,1206921
220,Yank Byas,45,1789676
221,Earvin Curror,20,935286
222,Kirbie Tinwell,47,627213
223,Madison Rudiger,36,1761181
224,Janice Croxon,55,465976
225,Alexis Vertigan,57,1155627
226,Prinz Kleiner,31,1127776
227,Salem De Coursey,53,1732252
228,Kean Lorenc,46,496308
229,Carena Collin,38,1511317
230,Ephraim Dusting,55,449150
231,Cort Vivyan,49,63729
232,Clayton Bolmann,25,1037543
233,Bogart Meneghi,35,1351125
234,Ebba Raywood,34,800212
235,Joanna Morant,24,1640133
236,Odette Paxton,37,694435
237,Penrod Savage,54,489370
238,Launce Dudding,46,667442
239,Mabel Downing,24,476357
240,Eimile Kinnen,34,1671283
241,Payton Cluelow,30,1728754
242,Dasha Roston,36,1613945
243,Dorothy Earsman,41,1656314
244,Ritchie Wagenen,50,1122009
245,Helyn Becraft,21,1825514
246,Rodolph Szymonowicz,59,1556022
247,Horton Stiggers,35,505970
248,Lise Tongue,55,1055215
249,Amalle Droogan,31,1038580
250,Wilfrid Edgett,35,1836482
251,Kennedy Torbet,55,56060
252,Geri Dows,20,1180449
253,Augustine McCreedy,54,1580418
254,Violet Savatier,44,86438
255,Eleonore Attril,34,1206194
256,Rickie Waddup,26,699868
257,Cchaddie Heningham,22,1466654
258,Lauretta Henricsson,25,228133
259,Leonerd Ledford,32,105379
260,Vale Miguet,37,263472
261,Ericha Annandale,59,1738446
262,Tobias Giggs,53,1219729
263,Mariam Blair,58,1648113
264,Harlie Corner,51,1825493
265,Florina Pattingson,56,458590
266,Nikolai Corde,30,862257
267,Opal Gutridge,29,116278
268,Shannah Pasfield,35,1990730
269,Lanni Cooley,34,439452
270,Carroll Jeskins,33,778420
271,Prue Keelinge,42,800813
272,Shurlocke Boynton,33,917970
273,Nyssa Dimbylow,46,500687
274,Reinwald Evers,33,1734217
275,Tedda Backes,23,720116
276,Halsy Rope,21,490676
277,Vassily Carrodus,51,1781874
278,Marinna Angeau,50,1243292
279,Donella Arnoult,34,771334
280,Ethelred Jedrysik,48,883799
281,Beverly Safont,30,1422215
282,Jillene Ingrey,21,1868558
283,Mirabel Bennion,39,226287
284,Celestyna Piwell,38,1411217
285,Gratia Simond,25,644403
286,Moyna Rummings,41,374193
287,Kenny Durnin,28,184280
288,Glyn Fassum,20,106830
289,Kerstin Padbery,18,1879335
290,Maxy Tarte,49,658168
291,Kendrick Dybell,59,1390360
292,Almeta Dugget,40,454667
293,Jo Tzarkov,55,1558083
294,Windham Coneau,29,1861389
295,Leann Bigglestone,25,557003
296,Cecilla Bourdis,58,1564256
297,Danna Joiner,22,166015
298,Raimund Chrisp,30,1048190
299,Allie Tamsett,58,260362
300,Madel Rickman,25,395398
301,Quint Gerlts,37,433165
302,Callie Ewbank,28,232401
303,Barbabas Jurgensen,24,458703
304,Rudy Maulin,25,1660068
305,Nehemiah Stopforth,56,1608961
306,Jerad Oxnam,60,196667
307,Logan Cheetham,26,947739
308,Melissa Repp,29,1270282
309,Valencia Grainge,30,1920192
310,Adriano Lomasny,25,837999
311,Donella Wiggins,41,439415
312,Urbanus Gaucher,28,1884951
313,Paulina Willowby,50,1515462
314,Peria Tilson,32,7857
315,Orran Skocroft,32,1279890
316,Rebekkah Bartalin,43,630082
317,Gerladina Oseland,30,968375
318,Lynnet Baffin,27,592569
319,Ralph Mc-Kerley,31,1170491
320,Berri Gascone,30,360181
321,Lorne Dible,56,1045782
322,Gibby Duthy,25,1915055
323,Derrik Pinyon,58,1048043
324,Verene Mouatt,56,281964
325,Joycelin Simacek,30,1992979
326,Jobyna Lindberg,36,366627
327,Minnie Skellorne,58,549927
328,Rock Holdren,41,710736
329,Ricoriki Bony,24,1644955
330,Eugine Mergue,37,1278438
331,Nicky Fumagalli,58,1542349
332,Ludovico McIlhatton,55,1243576
333,Raymund Vaskin,24,265671
334,Margarette Sepey,60,1268137
335,Marty Fuzzard,51,789054
336,Aguistin Rizzardini,53,243945
337,Sutherland Matyja,42,1603874
338,Merle Mora,43,229733
339,Merrill Luety,42,1961534
340,Ellynn Solan,24,1565501
341,Vaughan Heyworth,27,1240220
342,Claude Monkton,48,46414
343,Vite Boltwood,51,565876
344,Fianna Duffield,58,1865662
345,Wat Shaylor,56,1342115
346,Olympe Insley,26,118520
347,Guillema Paladini,47,533959
348,Berk Fealey,30,1673147
349,Millard Listone,55,1201558
350,Percival Brundall,22,1429244
351,Mead Korous,32,699228
352,Cindie Tombleson,47,1831866
353,Cleve Capron,26,883558
354,Lindsy Stranger,60,522028
355,De Croll,60,557356
356,Silvio Beckles,59,1708528
357,Tandy Carlton,53,1863877
358,Quinta Abade,51,1316822
359,Oates Wyborn,18,771541
360,Terencio Chadwyck,44,291654
361,Maurita Thowes,27,661259
362,Thane Steinor,57,1258403
363,Sharity Dene,19,159696
364,Sauveur Jakeman,53,1077537
365,Aili Servis,38,479029
366,Goldia Querrard,56,1373543
367,Yetta Want,20,1523611
368,Berri Basden,47,1808023
369,Winston Eckersley,41,103128
370,Sena Boome,60,1327134
371,Stephine Sowray,49,1488699
372,Doria Cammis,28,1331480
373,Meier Lowcock,55,632737
374,Werner Danielkiewicz,34,1534875
375,Micky Paik,35,1028130
376,Bride Clift,38,1781870
377,Jillian Goulder,50,604229
378,Charmaine Pladen,27,1184228
379,Cullie Schroter,23,612181
380,Blinni Maase,43,1302675
381,Forrester Waters,36,105533
382,Ketty Bernhard,44,1457111
383,Valina Stother,53,283888
384,Latia Abisetti,38,1801002
385,Jeremie Kemm,35,813258
386,Cornell Lakeland,44,719467
387,Abel Fylan,56,760643
388,Fae Ferandez,47,1489159
389,Katalin Rimmer,36,1201534
390,Juliann Bough,46,1310326
391,Breena Burchatt,60,327697
392,Kelby Tubbles,58,1614909
393,Mabel Hutton,42,291975
394,Emmett Janacek,22,274376
395,Brew Mc Harg,32,1518991
396,Bard Beedell,21,1195882
397,Schuyler Renowden,46,578990
398,Skippie Leeming,30,1210286
399,Ellary Penchen,42,1476668
400,Leodora Trice,45,364704
